{
  "overall": 0.18742221821839877,
  "per_cluster": {
    "0": 0.18954694974217395,
    "1": 0.21372923990662385,
    "2": 0.15494855271477218
  },
  "per_sample": [
    [
      0,
      0.03870302716974763
    ],
    [
      1,
      0.11627732528606936
    ],
    [
      2,
      0.17260578491341177
    ],
    [
      3,
      0.15883967618299932
    ],
    [
      4,
      0.29208715729466783
    ],
    [
      5,
      0.13885381973600214
    ],
    [
      6,
      0.11131945339796062
    ],
    [
      7,
      0.27700588866887127
    ],
    [
      8,
      0.18317971896318835
    ],
    [
      9,
      0.03914020180882922
    ],
    [
      10,
      0.08066775985192914
    ],
    [
      11,
      0.0599892435052557
    ],
    [
      12,
      0.20671079472745502
    ],
    [
      13,
      0.08236799787698275
    ],
    [
      14,
      0.1483961012624537
    ],
    [
      15,
      0.26695228533559195
    ],
    [
      16,
      0.30231249755055384
    ],
    [
      17,
      0.09185587718874612
    ],
    [
      18,
      0.2793365495358809
    ],
    [
      19,
      0.091888824998332
    ],
    [
      20,
      0.0917229669518253
    ],
    [
      21,
      0.04705600677066724
    ],
    [
      22,
      0.258899114247304
    ],
    [
      23,
      0.16047515946427224
    ],
    [
      24,
      0.38726748515476567
    ],
    [
      25,
      0.12758671669606458
    ],
    [
      26,
      0.251626798815714
    ],
    [
      27,
      0.2407001618303862
    ],
    [
      28,
      0.08229084537286295
    ],
    [
      29,
      0.34734723069663404
    ],
    [
      30,
      0.22518224664775302
    ],
    [
      31,
      0.20752037008715882
    ],
    [
      32,
      0.10188860742674792
    ],
    [
      33,
      0.18665703349760746
    ],
    [
      34,
      0.2637432608344998
    ],
    [
      35,
      0.40226971422682406
    ],
    [
      36,
      0.14220338229564097
    ],
    [
      37,
      0.19537626130018265
    ],
    [
      38,
      0.31176644408989956
    ],
    [
      39,
      0.32442094977932723
    ],
    [
      40,
      0.1260518590728391
    ],
    [
      41,
      0.2303383587617684
    ],
    [
      42,
      0.22838044677483904
    ],
    [
      43,
      0.15037896707121406
    ],
    [
      44,
      0.15551754780903426
    ],
    [
      45,
      0.27566089867346266
    ],
    [
      46,
      0.2914008600005025
    ],
    [
      47,
      0.018872363135230375
    ],
    [
      48,
      0.06143954009022566
    ],
    [
      49,
      0.16854916681776483
    ],
    [
      50,
      0.2460802544639781
    ],
    [
      51,
      0.27063541024559123
    ],
    [
      52,
      0.15893737874088465
    ],
    [
      53,
      0.3139695095831236
    ],
    [
      54,
      0.2022425462080596
    ],
    [
      55,
      0.269151273932103
    ],
    [
      56,
      0.22186766789307447
    ],
    [
      57,
      0.10788520034507314
    ],
    [
      58,
      0.37876815943391884
    ],
    [
      59,
      0.4248321318336935
    ],
    [
      60,
      0.20735539975194414
    ],
    [
      61,
      0.2564036417896737
    ],
    [
      62,
      0.289211723633408
    ],
    [
      63,
      0.27129126945038395
    ],
    [
      64,
      0.23840378362400236
    ],
    [
      65,
      0.17844178333592992
    ],
    [
      66,
      0.25996525312241703
    ],
    [
      67,
      0.1640661940679408
    ],
    [
      68,
      0.2608410258766541
    ],
    [
      69,
      0.31218984530113464
    ],
    [
      70,
      0.27066183665329957
    ],
    [
      71,
      0.14516212539362577
    ],
    [
      72,
      0.1368612055933902
    ],
    [
      73,
      0.07271427441068802
    ],
    [
      74,
      0.4257543384751825
    ],
    [
      75,
      -0.00803383385404742
    ],
    [
      76,
      0.20096377430210974
    ],
    [
      77,
      0.20586414285016516
    ],
    [
      78,
      0.19886971488570696
    ],
    [
      79,
      0.27315938130234124
    ],
    [
      80,
      0.28343536047478785
    ],
    [
      81,
      0.2696690430242762
    ],
    [
      82,
      0.05304679110722888
    ],
    [
      83,
      0.14297385139150195
    ],
    [
      84,
      0.09635345382177503
    ],
    [
      85,
      0.1501938744346629
    ],
    [
      86,
      0.16080710236996595
    ],
    [
      87,
      0.14175736020270197
    ],
    [
      88,
      0.11959086968472436
    ],
    [
      89,
      0.28225448373787543
    ],
    [
      90,
      0.19129955051234593
    ],
    [
      91,
      0.10749240032956127
    ],
    [
      92,
      0.3912373004842707
    ],
    [
      93,
      0.1841102843300598
    ],
    [
      94,
      0.3978139000886235
    ],
    [
      95,
      0.03430561366776592
    ],
    [
      96,
      0.22886000201216974
    ],
    [
      97,
      0.29205280430294744
    ],
    [
      98,
      0.0769374388081507
    ],
    [
      99,
      0.14600434636036064
    ],
    [
      100,
      0.153795427113211
    ],
    [
      101,
      0.17292895488384516
    ],
    [
      102,
      0.09259603080260077
    ],
    [
      103,
      0.09074978349379888
    ],
    [
      104,
      0.10978515906836925
    ],
    [
      105,
      0.038550613731997814
    ],
    [
      106,
      0.09374962148756341
    ],
    [
      107,
      0.05371199811754707
    ],
    [
      108,
      0.31673378990999723
    ],
    [
      109,
      0.1681568958679546
    ],
    [
      110,
      0.0835798318780421
    ],
    [
      111,
      0.16983099276746857
    ],
    [
      112,
      0.17719604548224613
    ],
    [
      113,
      0.06045851423201064
    ],
    [
      114,
      0.2685683051699464
    ],
    [
      115,
      0.2715930325138521
    ],
    [
      116,
      0.02434930146124069
    ],
    [
      117,
      0.048231591994362465
    ],
    [
      118,
      0.18995715652571432
    ],
    [
      119,
      0.3009673380745354
    ],
    [
      120,
      0.1372685308035313
    ],
    [
      121,
      0.15290908636855297
    ],
    [
      122,
      0.15285021260819356
    ],
    [
      123,
      0.18639386903430902
    ],
    [
      124,
      0.4250853848893857
    ],
    [
      125,
      0.12319271028771686
    ],
    [
      126,
      0.05169664282877448
    ],
    [
      127,
      0.30360077565249255
    ],
    [
      128,
      0.1810502435085676
    ],
    [
      129,
      0.3744740361140089
    ],
    [
      130,
      0.16028881114230983
    ],
    [
      131,
      0.09388390038670712
    ],
    [
      132,
      0.39065608498726195
    ],
    [
      133,
      0.28140016996697353
    ],
    [
      134,
      0.09126235971250242
    ],
    [
      135,
      0.13646206931272942
    ],
    [
      136,
      0.23451651862638603
    ],
    [
      137,
      0.2462174594114705
    ],
    [
      138,
      0.22422422379707868
    ],
    [
      139,
      0.1111947936074737
    ],
    [
      140,
      0.36726319324005374
    ],
    [
      141,
      0.2343993144874567
    ],
    [
      142,
      0.02743917343944314
    ],
    [
      143,
      0.046014552342386265
    ],
    [
      144,
      0.07882654241875968
    ],
    [
      145,
      0.16478773456612267
    ],
    [
      146,
      0.35255843730612124
    ],
    [
      147,
      0.3221844440373774
    ],
    [
      148,
      0.0222427763426519
    ],
    [
      149,
      0.12531893054401486
    ],
    [
      150,
      0.04850436023265689
    ],
    [
      151,
      0.04434278921637676
    ],
    [
      152,
      0.06785592722260277
    ],
    [
      153,
      0.1706961518132683
    ],
    [
      154,
      0.297953672902236
    ],
    [
      155,
      0.31304299165454996
    ],
    [
      156,
      0.22401088705052205
    ],
    [
      157,
      0.04201691325300092
    ],
    [
      158,
      0.17801822535278689
    ],
    [
      159,
